{
  "accuracy": 0.8407618708028763,
  "precision": 0.6184751660866814,
  "recall": 0.5702202129211025,
  "f1": 0.7471820033565346,
  "best_threshold": 0.31738186
}