{
  "accuracy": 0.7962500742853746,
  "precision": 0.7962500742853746,
  "recall": 1.0,
  "f1": 0.4432846437610627,
  "best_threshold": 0.5069969892501831
}