{
  "accuracy": 0.8417127235989779,
  "precision": 0.6305906452714237,
  "recall": 0.5387195566574303,
  "f1": 0.7417346981324979,
  "best_threshold": 0.3150244951248169
}