{
  "accuracy": 0.8585903607297796,
  "precision": 0.7978133352300159,
  "recall": 0.7305190088270761,
  "f1": 0.755691635991925,
  "best_threshold": 0.32
}