{
  "accuracy": 0.8459024187318,
  "precision": 0.6787930665525358,
  "recall": 0.4625929706868893,
  "f1": 0.7286205502379228,
  "best_threshold": 0.7220655679702759
}