{
  "accuracy": 0.8476852677244904,
  "precision": 0.7659000179886319,
  "recall": 0.7575290809191805,
  "f1": 0.76156150463115,
  "best_threshold": 0.86
}