{
  "accuracy": 0.7265703928210614,
  "precision": 0.5047661954928185,
  "recall": 0.5031252069931428,
  "f1": 0.4974386425804359,
  "best_threshold": 0.38
}