{
  "accuracy": 0.8470315564271707,
  "precision": 0.6900155659328441,
  "recall": 0.45253026104710514,
  "f1": 0.7272936816685696,
  "best_threshold": 0.7012702822685242
}