{"accuracy": 0.8282224995542877, "precision": 0.6150556030795552, "recall": 0.41942540469593115, "f1": 0.6975470750761665, "best_threshold": 0.6808619499206543}