{
  "accuracy": 0.8496166874665716,
  "precision": 0.6669765712160655,
  "recall": 0.5231150648971854,
  "f1": 0.7472272114722109,
  "best_threshold": 0.43290141224861145
}