{
  "accuracy": 0.8552029476436679,
  "precision": 0.789885444847005,
  "recall": 0.7277407924783372,
  "f1": 0.7513275295129023,
  "best_threshold": 0.33
}